subject,object,relation,source_file
餍肥之日,兄教育之,父,001.txt
背父,教育之恩,兄,001.txt
大师,子蠢物,弟,001.txt
心切慕之,子质虽粗,弟,001.txt
携带,子得入红,弟,001.txt
不知赐了,子那几件,弟,001.txt
又不知携,子到何地,弟,001.txt
望乞明示,子不惑,弟,001.txt
头说道,你这一段,兄,001.txt
亦无班,蔡女之德,姑,001.txt
或贬人,奸淫凶恶,妻,001.txt
坏人子,又不可胜,弟,001.txt
臣良,慈子孝,父,001.txt
处曰,有城曰阊,姑,001.txt
字士隐,封氏,妻,001.txt
世罕闻者,子愚浊,弟,001.txt
备细一闻,子则洗耳,弟,001.txt
又见奶,正抱了英,母,001.txt
士隐见,越发生得,女儿,001.txt
便抱,撤身要进,女儿,001.txt
他生于末,母祖宗根,父,001.txt
生于末世,祖宗根基,母,001.txt
是无聊之,来得正妙,兄,001.txt
便令人送,进去,女儿,001.txt
略坐,即来陪,弟,001.txt
雨村,真抱负不,兄,001.txt
想尊,旅寄僧房,兄,001.txt
特具小酌,到敝斋一,兄,001.txt
吾每谓,必非久居,兄,001.txt
便道,何不早言,兄,001.txt
但每遇,兄并未谈,兄,001.txt
但每遇兄,并未谈及,兄,001.txt
岁正当大,宜作速入,兄,001.txt
方不负,之所学也,兄,001.txt
其盘费余,自代为处,弟,001.txt
亦不枉,之谬识矣,兄,001.txt
乃黄道之,可即买舟,兄,001.txt
士隐夫妇,一夜不归,女儿,001.txt
音响皆无,二人,妻,001.txt
只得与,商议,妻子,001.txt
便携了,与两个丫,妻子,001.txt
今见,这等狼狈,女婿,001.txt
只有姣,忘不了,妻,001.txt
痴心,母古来多,父,001.txt
痴心父,古来多,母,001.txt
只得与,商议,父亲,001.txt
着他,母度日,父,001.txt
他父,度日,母,001.txt
帮着,用度,父亲,001.txt
第二回,仙逝扬州,夫人,002.txt
他既是你,便带了你,女婿,002.txt
曾与,旧日相交,女婿,002.txt
所以他只,移住于此,女婿,002.txt
又问外孙,我说看灯,女儿,002.txt
便在,前一力撺,女儿,002.txt
以待寻访,下落,女儿,002.txt
雨村嫡,忽染疾下,妻,002.txt
正室,正是,夫人,002.txt
本贯,苏人氏,姑,002.txt
至如海之,又袭了一,父,002.txt
今只有嫡,贾氏,妻,002.txt
年方五岁,无子,妻,002.txt
生之,贾氏夫人,母,002.txt
贾氏,一疾而终,夫人,002.txt
笑问道,何日到此,兄,002.txt
兄何日到,竟不知,弟,002.txt
雨村笑道,族中无人,弟,002.txt
是一,同胞弟兄,母,002.txt
同胞,兄两个,弟,002.txt
胞弟,两个,兄,002.txt
生了四个,宁公死后,儿子,002.txt
也养了两,长名贾敷,儿子,002.txt
因他,一心想作,父亲,002.txt
让他袭了,又不肯回,父亲,002.txt
一个,今年才十,儿子,002.txt
姐为,生了两个,妻,002.txt
生了两个,长子贾赦,儿子,002.txt
早已去世,尚在,夫人,002.txt
酷喜读书,最疼,父,002.txt
这政老爹,王氏,夫人,002.txt
娶了,生了子,妻,002.txt
因而乃祖,便先爱如,母,002.txt
他说,是水作的,女儿,002.txt
我见了,我便清爽,女儿,002.txt
之倪云林,祝枝山,伯,002.txt
必得两个,伴着我读,女儿,002.txt
厮们说,两个字,女儿,002.txt
那些,其温厚和,女儿,002.txt
里面,们拿他取,女儿,002.txt
管叫,做甚,姐妹,002.txt
莫不是求,去说情讨,姐妹,002.txt
便连叫,起来了,姐妹,002.txt
也因祖,溺爱不明,母,002.txt
这等子,必不能守,弟,002.txt
必不能守,之根基,父,002.txt
因史老,极爱孙女,夫人,002.txt
都跟在祖,这边一处,母,002.txt
甄家的风,之名,女儿,002.txt
却也是从,弟而来的,兄,002.txt
却也是从,而来的,弟,002.txt
公之,即荣府中,夫人,002.txt
度其,必不凡,母,002.txt
老爹,王氏之内,夫人,002.txt
在乃,政老爷家,叔,002.txt
他令,之后,夫人,002.txt
颂他,琏爷倒退,夫人,002.txt
雨村,恭喜了,兄,002.txt
林黛玉抛,进京都,父,003.txt
都中家岳,念及小女,母,003.txt
但请放心,已预为筹,弟,003.txt
转托内,务为周全,兄,003.txt
方可稍尽,之鄙诚,弟,003.txt
所费用之,于内兄信,弟,003.txt
弟于内,信中已注,兄,003.txt
亦不劳尊,多虑矣,兄,003.txt
与尊,犹系同谱,兄,003.txt
大内,现袭一等,兄,003.txt
二内,名政,兄,003.txt
大有祖,遗风,父,003.txt
仕宦之流,方致书烦,弟,003.txt
污尊,之清操,兄,003.txt
兄之清操,亦不屑为,弟,003.txt
小女入都,即同路而,兄,003.txt
原不忍弃,而往,父,003.txt
无奈他外,致意务去,母,003.txt
如海说,年将半百,父,003.txt
上无亲,教养,母,003.txt
下无姊妹,弟扶持,兄,003.txt
下无姊妹,扶持,弟,003.txt
今依傍外,及舅氏姊,母,003.txt
母及,氏姊妹去,舅,003.txt
听得,说过,母亲,003.txt
他外祖,家与别家,母,003.txt
人回话,娘到了,姑,003.txt
的老,迎上来,母,003.txt
外祖,方欲拜见,母,003.txt
早被他外,一把搂入,母,003.txt
外祖,此即冷,母,003.txt
贾赦贾政,当下贾母,母,003.txt
当下贾,一一指与,母,003.txt
这是你大,这是你二,舅,003.txt
这是你大,这是你二,母,003.txt
这是你二,这是你先,舅,003.txt
这是你二,这是你先,母,003.txt
一拜见过,又说,母,003.txt
母又说,娘们来,姑,003.txt
玉之,如何得病,母,003.txt
不免贾,又伤感起,母,003.txt
有你,今日一旦,母,003.txt
我去出家,母固是不,父,003.txt
我父,固是不从,母,003.txt
许见哭声,母之外,父,003.txt
除父,之外,母,003.txt
养荣丸,正好,母,003.txt
与众,娘不同,姑,003.txt
起身接见,笑道,母,003.txt
也曾听见,说过,母亲,003.txt
母亲说过,贾赦之子,舅,003.txt
娶的就是,母王氏之,舅,003.txt
二舅,王氏之内,母,003.txt
仍送至贾,身边坐下,母,003.txt
外孙,竟是个嫡,女儿,003.txt
怎么,妈偏就去,姑,003.txt
用帕拭泪,笑道,母,003.txt
婆子们,娘的行李,姑,003.txt
又见二,母问他,舅,003.txt
又见二舅,问他,母,003.txt
记错了,有没有,夫人,003.txt
好送来,一笑,夫人,003.txt
茶果已撤,命两个老,母,003.txt
两个,时贾赦之,母,003.txt
个母,时贾赦之,舅,003.txt
时贾赦之,邢氏忙亦,妻,003.txt
也便宜,笑道,母,003.txt
过来了,答应了一,夫人,003.txt
与王,作辞,夫人,003.txt
幄青,携了黛玉,夫人,003.txt
打起车帘,搀着黛玉,夫人,003.txt
丫鬟迎着,让黛玉坐,夫人,003.txt
见了,娘彼此倒,姑,003.txt
不忍相见,娘不要伤,姑,003.txt
太和,即同家里,舅,003.txt
和舅,即同家里,母,003.txt
便告辞,苦留吃过,夫人,003.txt
玉笑回道,母爱惜赐,舅,003.txt
笑回道,爱惜赐饭,母,003.txt
见二,恐领了赐,舅,003.txt
二舅,恐领了赐,舅,003.txt
未为不可,母容谅,舅,003.txt
望舅,容谅,母,003.txt
母容谅,听说,夫人,003.txt
送了,娘过去,姑,003.txt
黛玉告辞,送至仪门,夫人,003.txt
比贾,处不同,母,003.txt
同乡世教,勋袭东安,弟,003.txt
原来王,时常居坐,夫人,003.txt
请林,娘到那边,姑,003.txt
靠背引枕,却坐在西,夫人,003.txt
椅上坐了,再四携他,夫人,003.txt
他方挨王,坐了,夫人,003.txt
夫人坐了,因说,夫人,003.txt
人因说,舅今日斋,舅,003.txt
你舅,今日斋戒,舅,003.txt
母亲说过,母生的有,舅,003.txt
二舅,生的有个,母,003.txt
有个,乃衔玉而,表兄,003.txt
外祖,又极溺爱,母,003.txt
今见王,如此说,夫人,003.txt
是这,因陪笑道,表兄,003.txt
因陪笑道,母说的,舅,003.txt
陪笑道,说的,母,003.txt
听见,常说,母亲,003.txt
和姊妹同,弟们自是,兄,003.txt
姊妹同处,们自是别,弟,003.txt
惹之理,笑道,夫人,003.txt
晚饭了,忙携黛玉,夫人,003.txt
一所房室,笑指向黛,夫人,003.txt
垂手侍立,遂携黛玉,夫人,003.txt
便是贾,的后院了,母,003.txt
见王,来了,夫人,003.txt
贾珠之,李氏捧饭,妻,003.txt
熙凤安箸,进羹,夫人,003.txt
夫人进羹,正面榻上,母,003.txt
十分推让,笑道,母,003.txt
母笑道,母你嫂子,舅,003.txt
你舅,你嫂子们,母,003.txt
坐了,命王夫人,母,003.txt
贾母命王,坐了,夫人,003.txt
是吃的茶,便说,母,003.txt
说话儿,听了,夫人,003.txt
二人去了,因问黛玉,母,003.txt
们读何书,读的是,母,003.txt
向贾,请了安,母,003.txt
母请了安,便命,母,003.txt
母因笑道,因笑道,母,003.txt
便料定是,妈之女,姑,003.txt
见过的,笑道,母,003.txt
为不可,笑道,母,003.txt
争去拾玉,急的搂了,母,003.txt
家里姐,妹都没有,姐妹,003.txt
好东西,忙哄他道,母,003.txt
因你,妈去世时,姑,003.txt
二则你,妈之灵,姑,003.txt
见了,之意,女儿,003.txt
玉之房舍,今将宝,母,003.txt
把你林,娘暂安置,姑,003.txt
得安静,想了一想,母,003.txt
唤作雪雁,见雪雁甚,母,003.txt
幼乳,另有四个,母,003.txt
宝玉之乳,李嬷嬷,母,003.txt
是贾,之婢,母,003.txt
本名珍珠,因溺爱宝,母,003.txt
遂回明贾,更名袭人,母,003.txt
伏侍贾,心中眼中,母,003.txt
个贾,如今服侍,母,003.txt
笑问,娘怎么还,姑,003.txt
哥笑道,娘正在这,姑,003.txt
袭人道,娘快休如,姑,003.txt
省过贾,因往王夫,母,003.txt
因往王,处来,夫人,003.txt
正值王,与熙凤在,夫人,003.txt
又有王,之兄嫂处,夫人,003.txt
人之,嫂处遣了,兄,003.txt
薛家,母之子姨,姨,003.txt
家姨,之子姨表,母,003.txt
之子,表兄薛蟠,姨,003.txt
子姨,薛蟠,表兄,003.txt
如今,舅王子腾,母,003.txt
如今母,王子腾得,舅,003.txt
至王,见王夫人,夫人,004.txt
见王,与兄嫂处,夫人,004.txt
见王夫人,嫂处的来,兄,004.txt
又说,母家遭人,姨,004.txt
又说姨,家遭人命,母,004.txt
因见王,事情冗杂,夫人,004.txt
珠之,珠虽夭亡,妻,004.txt
陵名宦之,名李守中,父,004.txt
外则陪侍,等针黹诵,姑,004.txt
日有这般,相伴,姐妹,004.txt
除老,余者也都,父,004.txt
自幼,母早亡,父,004.txt
自幼父,早亡,母,004.txt
又无,只他一个,兄,004.txt
又无兄,只他一个,弟,004.txt
他这里自,弟奴仆在,兄,004.txt
有兄,奴仆在此,弟,004.txt
人有云,相时而动,丈夫,004.txt
年丧,寡母又怜,父,004.txt
幼年丧父,又怜他是,母,004.txt
不过赖祖,之旧情分,父,004.txt
人等措办,王氏乃现,母,004.txt
政的,王氏,夫人,004.txt
是一,所生的姊,母,004.txt
当日有他,在日,父亲,004.txt
较之乃,竟高过十,兄,004.txt
高过十倍,死后,父亲,004.txt
依贴,他便不以,母,004.txt
好为,分忧解劳,母亲,004.txt
二则自薛,死后,父亲,004.txt
他便带了,妹竟自起,母,004.txt
却又闻得,舅王子腾,母,004.txt
却又闻得,王子腾升,舅,004.txt
亲的,舅管辖着,母,004.txt
的母,管辖着,舅,004.txt
因和,商议道,母亲,004.txt
拾才好,何必如,母亲,004.txt
或是在你,舅家,舅,004.txt
或是在你,或是你姨,舅,004.txt
或是你,爹家,姨,004.txt
如今,舅正升了,舅,004.txt
如今舅,正升了外,舅,004.txt
没眼色,你舅舅,母亲,004.txt
母亲道,舅家虽升,舅,004.txt
你舅,家虽升了,舅,004.txt
还有你,爹家,姨,004.txt
这几年来,舅姨娘两,舅,004.txt
你舅,姨娘两处,舅,004.txt
你舅舅,娘两处,姨,004.txt
今既来了,舅虽忙着,舅,004.txt
你舅,虽忙着起,舅,004.txt
你贾家,娘未必不,姨,004.txt
守着,舅姨爹住,舅,004.txt
守着舅,姨爹住着,舅,004.txt
守着舅舅,爹住着,姨,004.txt
我和你,姊妹们别,姨,004.txt
投你,娘家去,姨,004.txt
薛蟠见,如此说,母亲,004.txt
那时王,已知薛蟠,夫人,004.txt
家人传报,太太带了,姨,004.txt
喜的王,忙带了女,夫人,004.txt
将薛,妈等接了,姨,004.txt
见贾,将人情土,母,004.txt
对王,姨太太,夫人,004.txt
王夫人说,太太已有,姨,004.txt
打扫了,太太和姐,姨,004.txt
了甚好,未及留,夫人,004.txt
人未及留,也就遣人,母,004.txt
人来说,太太就在,姨,004.txt
等语,妈正要同,姨,004.txt
方可拘紧,若另住在,儿子,004.txt
又私与王,说明,夫人,004.txt
常之法,知他家不,夫人,004.txt
从此后薛,子就在梨,母,004.txt
是王,正房的东,夫人,004.txt
或晚间,妈便过来,姨,004.txt
或与贾,闲谈,母,004.txt
或与王,相叙,夫人,004.txt
但恐,父管约拘,姨,004.txt
但恐姨,管约拘禁,父,004.txt
无奈,执意在此,母亲,004.txt
所以这些,们竟可以,弟,004.txt
薛家,子在荣府,母,005.txt
荣府以来,万般怜爱,母,005.txt
惜春三个,倒且靠后,女儿,005.txt
视姊妹,弟皆出一,兄,005.txt
视姊妹兄,皆出一意,弟,005.txt
处贾,房中,母,005.txt
贾珍之,尤氏乃治,妻,005.txt
请贾,邢夫人,母,005.txt
请贾母,王夫人等,夫人,005.txt
邢夫人,等赏花,夫人,005.txt
蓉之,二人来面,妻,005.txt
人来面请,等于早饭,母,005.txt
欲睡中觉,命人好生,母,005.txt
宝二,收拾下的,叔,005.txt
请宝二,跟我这里,叔,005.txt
这里来,素知秦氏,母,005.txt
那里有个,叔往侄儿,叔,005.txt
那里有个,往侄儿媳,叔,005.txt
往侄,妇房里睡,儿媳,005.txt
那个,弟来了,兄,005.txt
个兄,来了,弟,005.txt
虽然和宝,同年,叔,005.txt
有唐,虎画的,伯,005.txt
强如天天,母师傅管,父,005.txt
被父,师傅管束,母,005.txt
个仙,喜的忙来,姑,005.txt
那仙,吾居离,姑,005.txt
幻仙,是也,姑,005.txt
竟随着这,到了一个,姑,005.txt
当下随了,进入二层,姑,005.txt
因向仙,敢烦仙,姑,005.txt
敢烦仙,引我到那,姑,005.txt
使得么,此中各,姑,005.txt
襁褓之间,母违,父,005.txt
襁褓之间,父母违,母,005.txt
那仙,知他天分,姑,005.txt
清净,之境,女儿,005.txt
幸仙,偶来,姑,005.txt
便是吾,弟之幸了,兄,005.txt
便是吾兄,之幸了,弟,005.txt
众仙,姓名,姑,005.txt
一名痴梦,一名钟情,姑,005.txt
襁褓中,母叹双亡,父,005.txt
襁褓中,叹双亡,母,005.txt
的狠,奸兄,舅,005.txt
舅奸,正是乘除,兄,005.txt
忙答道,差了,姑,005.txt
懒于读书,母尚每垂,父,005.txt
家父,尚每垂训,母,005.txt
随至贾,处来,母,006.txt
袭人自知,已将他给,母,006.txt
祖王,之父认识,夫人,006.txt
人之,认识,父,006.txt
那时只有,之大兄凤,夫人,006.txt
之大,凤姐之父,兄,006.txt
姐之,与王夫人,父,006.txt
与王,随在京的,夫人,006.txt
只有一个,名唤王成,儿子,006.txt
小名狗儿,刘氏,妻,006.txt
青板姊,两个无人,弟,006.txt
狗儿遂将,刘姥姥接,母,006.txt
如今,接了养活,女婿,006.txt
帮着,女婿过活,女儿,006.txt
帮着女儿,过活起来,女婿,006.txt
便劝道,你别嗔着,姑,006.txt
汉大,如今咱们,丈夫,006.txt
想当初我,还去过一,女儿,006.txt
爷的,听见他们,夫人,006.txt
只怕二,太太还认,姑,006.txt
又听他,这番话,妻子,006.txt
过这,太太一次,姑,006.txt
和我,交过一桩,父亲,006.txt
我们,娘年轻的,姑,006.txt
二则也请,太太的安,姑,006.txt
只因他,昔年争买,丈夫,006.txt
多得狗儿,之力,父亲,006.txt
内侄,大舅老爷,女儿,006.txt
内侄女儿,老爷的女,舅,006.txt
都是凤,娘周旋接,姑,006.txt
这位凤,今年不过,姑,006.txt
这凤,娘年纪儿,姑,006.txt
乃是贾琏,睡觉之所,女儿,006.txt
才要称,奶奶,姑,006.txt
他是平,又见平,姑,006.txt
拜了几拜,奶奶安,姑,006.txt
没的给,奶奶打嘴,姑,006.txt
着祖,的虚名,父,006.txt
不过来瞧,太太姑奶,姑,006.txt
太太,奶奶,姑,006.txt
笑回道,打发来求,父亲,006.txt
上回老,太太给婶,舅,006.txt
子要不借,又说我不,父亲,006.txt
明贾,要约秦钟,母,008.txt
说的贾,喜欢起来,母,008.txt
请贾,一同过去,母,008.txt
过去看戏,虽年高,母,008.txt
遂带了王,黛玉,夫人,008.txt
至晌午,便回来歇,母,008.txt
回来歇息,本好清净,夫人,008.txt
见贾,回来也就,母,008.txt
送贾,回来,母,008.txt
待贾,歇了中觉,母,008.txt
又怕遇见,更为不妥,父亲,008.txt
先进薛,妈屋里来,姨,008.txt
见薛,妈打点针,姨,008.txt
忙请了安,妈一把拉,姨,008.txt
在家么,妈叹道,姨,008.txt
大安了,妈道,姨,008.txt
太太,娘安,姨,008.txt
又问别的,们好,姐妹,008.txt
倒像和,娘项圈上,姑,008.txt
面人说,娘来了,姑,008.txt
宝玉的奶,李嬷嬷便,母,008.txt
和姐,妹一处玩,姐妹,008.txt
处玩玩儿,太太那里,姨,008.txt
这里薛,妈已摆了,姨,008.txt
的好鹅掌,妈连忙把,姨,008.txt
酒才好,妈便命人,姨,008.txt
嬷上来道,太太,姨,008.txt
挨了两天,太太不知,姨,008.txt
里头呢,妈笑道,姨,008.txt
喝冷的,妈道,姨,008.txt
钗笑道,亏你每日,兄,008.txt
宝兄,亏你每日,弟,008.txt
紫鹃姐姐,娘冷,姑,008.txt
也不理他,妈因笑道,姨,008.txt
黛玉笑道,妈不知道,姨,008.txt
幸亏是,妈这里,姨,008.txt
了的呢,妈道,姨,008.txt
又兼,们说说笑,姐妹,008.txt
扫大家的,舅若叫,舅,008.txt
大家的兴,若叫,舅,008.txt
只说,妈这里留,姨,008.txt
如今在,妈这里多,姨,008.txt
必定,妈这里是,姨,008.txt
又不是,妈一面笑,姨,008.txt
再烫些酒,妈陪你吃,姨,008.txt
悄悄的回,妈道,姨,008.txt
薛姨妈道,太太别由,姨,008.txt
幸而薛,妈千哄万,姨,008.txt
了几碗茶,妈才放了,姨,008.txt
斗篷披上,妈忙道,姨,008.txt
就是了,妈不放心,姨,008.txt
了他,妹们去,兄,008.txt
一径回至,房中,母,008.txt
贾母房中,尚未用晚,母,008.txt
知是薛,妈处来,姨,008.txt
人笑道,娘早走了,姑,008.txt
回贾,贾母,母,008.txt
早有贾,那边的人,母,008.txt
领了拜见,贾母见秦,母,008.txt
拜见贾母,见秦钟形,母,008.txt
见王,众人因爱,夫人,008.txt
都有表礼,又给了一,母,008.txt
只和你宝,在一处,叔,008.txt
回家禀知,他父亲,父亲,008.txt
他父亲秦,秦邦业现,父亲,008.txt
年近七旬,早亡,夫人,008.txt
一个,和一个女,儿子,008.txt
一个,谁知儿子,女儿,008.txt
谁知,又死了,儿子,008.txt
只剩下个,小名叫做,女儿,008.txt
因是,的终身大,儿子,008.txt
的小,又不是贾,舅,010.txt
他母亲胡,胡氏听见,母亲,010.txt
望你,妈说了,姑,010.txt
姑妈说了,妈千方百,姑,010.txt
且说他,原聘给的,姑,010.txt
这贾璜夫,守着些小,妻,010.txt
金荣的,偏提起昨,母亲,010.txt
他小,子说了,姑,010.txt
这金荣的,听了这话,母亲,010.txt
告诉了,奶奶了,姑,010.txt
姑奶奶了,奶奶别去,姑,010.txt
珍之,尤氏,妻,010.txt
晨他,弟来瞧他,兄,010.txt
他兄,来瞧他,弟,010.txt
了他,又是恼,兄,010.txt
他兄,又是恼,弟,010.txt
气的是他,弟不学好,兄,010.txt
气的是他,不学好,弟,010.txt
又劝解了,弟一会子,兄,010.txt
他兄,一会子,弟,010.txt
我叫他,弟到那边,兄,010.txt
我叫他兄,到那边府,弟,010.txt
给他,来捐官,儿子,010.txt
子来逛逛,今日又听,父亲,010.txt
深通医学,不胜钦仰,弟,010.txt
这就是尊,贾蓉道,夫人,010.txt
依小,的意思,弟,010.txt
叫小,过来看看,弟,010.txt
过来看看,所以不得,弟,010.txt
看小,说的是不,弟,010.txt
以便使家,母放心,父,010.txt
以便使家,放心,母,010.txt
看得尊,这脉息,夫人,010.txt
则小,不敢从其,弟,010.txt
依小,看来,弟,010.txt
你说,遵太爷的,父亲,011.txt
次后邢,王夫人,夫人,011.txt
后邢夫人,凤姐儿,夫人,011.txt
尤氏的,已先在这,母亲,011.txt
是老祖宗,又是侄儿,父亲,011.txt
等王,开口,夫人,011.txt
着宝,弟他们吃,兄,011.txt
宝兄,他们吃桃,弟,011.txt
王夫人道,前日听,夫人,011.txt
蓉哥,妇儿身上,儿媳,011.txt
月没来,接着说道,夫人,011.txt
给邢,王夫人,夫人,011.txt
给邢夫人,凤姐儿前,夫人,011.txt
并回说我,在家中伺,父亲,011.txt
叫告诉,母亲好生,父亲,011.txt
叫告诉父,好生伺候,母亲,011.txt
伺候,叔婶子们,叔,011.txt
候叔,婶子们并,叔,011.txt
了我,我这会子,父亲,011.txt
向邢,王夫人道,夫人,011.txt
向邢夫人,太太们,夫人,011.txt
子里呢,向邢夫人,夫人,011.txt
王夫人向,我们索,夫人,011.txt
好些事,很好,夫人,011.txt
尤氏让邢,王夫人并,夫人,011.txt
让邢夫人,并他母亲,夫人,011.txt
王夫人并,都上了坐,母亲,011.txt
侧席坐了,王夫人道,夫人,011.txt
邢夫人,我们来,夫人,011.txt
尤氏的,并邢夫人,母亲,011.txt
并邢,王夫人,夫人,011.txt
并邢夫人,凤姐儿都,夫人,011.txt
众位,叔哥哥兄,叔,011.txt
位叔,哥哥兄弟,叔,011.txt
哥哥,弟们也都,兄,011.txt
哥兄,们也都吃,弟,011.txt
琏二,并蔷兄弟,叔,011.txt
并蔷,弟让过去,兄,011.txt
蔷兄,让过去听,弟,011.txt
俱回了我,先收在帐,父亲,011.txt
了饭才去,该请二位,母亲,011.txt
蓉哥,我再过去,儿媳,011.txt
再过去,很是,夫人,011.txt
瞧秦氏去,你看看,夫人,011.txt
那是侄,于是尤,儿媳,011.txt
了邢,王夫人并,夫人,011.txt
了邢夫人,并他母亲,夫人,011.txt
王夫人并,都过会芳,母亲,011.txt
婶子和二,在上房还,叔,011.txt
因说道,你忒婆婆,兄,011.txt
宝兄,你忒婆婆,弟,011.txt
姐儿道,太太叫你,兄,011.txt
宝兄,太太叫你,弟,011.txt
你先同你,叔过去罢,叔,011.txt
宝叔,过去罢,叔,011.txt
儿说道,别忒淘气,兄,011.txt
宝兄,别忒淘气,弟,011.txt
王二,前告了坐,夫人,011.txt
又在尤氏,前周旋了,母亲,011.txt
何敢点,王夫人说,夫人,011.txt
邢夫人王,说道,夫人,011.txt
时候了,可不是,夫人,011.txt
向尤氏的,告了辞,母亲,011.txt
见了邢,王夫人道,夫人,011.txt
了邢夫人,二位婶,夫人,011.txt
来逛逛,罢了,夫人,011.txt
随了王,去了,夫人,011.txt
子的,兄子侄吃,弟,011.txt
的弟,子侄吃过,兄,011.txt
的那几日,王夫人,母,011.txt
贾母,凤姐儿日,夫人,011.txt
见甚好,向贾母说,夫人,011.txt
王夫人向,这个症,母,011.txt
指望了,可是呢,母,011.txt
见了贾,蓉哥,母,011.txt
蓉哥,妇请老太,儿媳,011.txt
安来呢,你看他,母,011.txt
还好呢,听了,母,011.txt
见过了王,到了家中,夫人,011.txt
子的利银,妇送进来,儿媳,011.txt
往贾,那边去的,母,012.txt
原来贾瑞,母早亡,父,012.txt
原来贾瑞,早亡,母,012.txt
只有他祖,代儒教养,父,012.txt
只说,舅家去了,舅,012.txt
往舅,家去了,舅,012.txt
又等他祖,安歇了,父,012.txt
瑞大,要臊我呢,叔,012.txt
他又怕祖,知道,父,012.txt
荣府来寻,命凤姐秤,夫人,012.txt
了去了,就是咱,夫人,012.txt
然后回王,只说,夫人,012.txt
黛玉回去,听了,母,012.txt
争奈,女之情,父,012.txt
于是贾,定要贾琏,母,012.txt
了贾,带领仆从,母,012.txt
往王,处来,夫人,013.txt
又要回贾,来请大夫,母,013.txt
来见贾,即时要过,母,013.txt
由他罢了,见他要去,母,013.txt
那里肯依,命人备车,母,013.txt
妇比,还强十倍,儿子,013.txt
贾珍见,不管,父亲,013.txt
年先,带来,父,013.txt
侯的,弟老三来,兄,013.txt
的兄,老三来求,弟,013.txt
科进士贾,世袭三品,父,013.txt
鼎的,来了,夫人,013.txt
夫人来了,邢夫人,夫人,013.txt
王夫人,凤姐等刚,夫人,013.txt
寿山,三家祭礼,伯,013.txt
近亲堂客,王夫人,夫人,013.txt
邢夫人,凤姐并合,夫人,013.txt
踱了进来,等因说道,夫人,013.txt
请安道乏,等忙叫宝,夫人,013.txt
大妹妹,等忙问,夫人,013.txt
媳妇没了,妇偏又病,儿媳,013.txt
放心了,笑道,夫人,013.txt
就是了,忙道,夫人,013.txt
不看侄儿,妇的分上,儿媳,013.txt
王夫人心,心中怕的,夫人,013.txt
先见王,不允,夫人,013.txt
说的情真,有活动之,夫人,013.txt
便向王,大哥哥,夫人,013.txt
依了罢,悄悄的道,夫人,013.txt
就是了,见说的有,夫人,013.txt
只看着王,王夫人道,夫人,013.txt
着王夫人,你哥哥,夫人,013.txt
女眷散后,因问凤姐,夫人,013.txt
去得呢,听说,夫人,013.txt
便先同邢,等回去,夫人,013.txt
发回来的,老爷是九,姑,014.txt
二爷带了,娘同送林,姑,014.txt
送林,老爷灵到,姑,014.txt
跟王,送殡,夫人,014.txt
王邢二,又去打祭,夫人,014.txt
又有胞,王仁连家,兄,014.txt
禀叩,母并带往,父,014.txt
叩父,并带往之,母,014.txt
一等,牛继宗,伯,014.txt
余者锦乡,公子韩奇,伯,014.txt
此祖,相与之情,父,014.txt
听得,兄亲友人,父,014.txt
得父,亲友人等,兄,014.txt
只是,拘束严密,父亲,014.txt
想老太,夫人辈自,夫人,015.txt
想老太夫,辈自然钟,夫人,015.txt
难见贾,因此便命,母,015.txt
姐笑道,你是个尊,兄,015.txt
好兄,你是个尊,弟,015.txt
请邢,王夫人的,夫人,015.txt
人王,的示下,夫人,015.txt
着他,的轿,父亲,015.txt
那些村,庄妇见了,姑,015.txt
他小,同着几个,兄,015.txt
小兄,同着几个,弟,015.txt
从公侯,子男一起,伯,015.txt
王二,知凤姐必,夫人,015.txt
就要进城,要带宝玉,夫人,015.txt
凤姐住着,无法,夫人,015.txt
庵的,子净虚说,姑,015.txt
智能两个,出来迎接,弟,015.txt
叫请几位,念三日,父,015.txt
他有个,小名金哥,女儿,015.txt
的小,子李衙内,舅,015.txt
定要娶他,张家正无,女儿,015.txt
说一个,许几家,女儿,015.txt
便有贾,王夫人打,母,015.txt
便有贾母,打发了人,夫人,015.txt
宝玉的心,听见,母,015.txt
谁知那张,母如此爱,父,016.txt
家父,如此爱势,母,016.txt
情的,闻得父母,女儿,016.txt
闻得,母退了前,父,016.txt
闻得父,退了前夫,母,016.txt
不负,张李两家,妻,016.txt
了三千两,等连一点,夫人,016.txt
贾母等合,等合家人,母,016.txt
那时贾,正心神不,母,016.txt
那邢,王夫人,夫人,016.txt
那邢夫人,尤氏,夫人,016.txt
及薛,妈等皆在,姨,016.txt
如此信至,便唤进赖,母,016.txt
去谢恩,等听了方,母,016.txt
大妆起来,带领邢夫,母,016.txt
贾母带领,王夫人,夫人,016.txt
领邢夫人,尤氏,夫人,016.txt
贾蔷奉侍,大轿前往,母,016.txt
今见老,气死,父,016.txt
解得愁闷,等如何谢,母,016.txt
同宗,又与黛玉,弟,016.txt
宗弟,又与黛玉,兄,016.txt
琏二爷和,娘进府了,姑,016.txt
便笑道,老爷大喜,舅,016.txt
老爷大喜,老爷一路,舅,016.txt
然蓉,妇死了,儿媳,016.txt
进来回道,太太打发,姨,016.txt
方才我见,妈去,姨,016.txt
说话时因,谁知就是,姨,016.txt
不能到手,妈打了多,姨,016.txt
也因,妈看着香,姨,016.txt
主子,娘也跟他,姑,016.txt
方才,妈有什么,姨,016.txt
我说呢,妈知道你,姨,016.txt
上酒馔来,对坐,妻,016.txt
的乳,赵嬷嬷走,母,016.txt
你尝一尝,带来的惠,儿子,016.txt
两个,你就另眼,儿子,016.txt
奶的,你还有什,儿子,016.txt
想来,母儿女之,父,016.txt
想来父,儿女之性,母,016.txt
抛离,母音容,父,016.txt
抛离父,音容,母,016.txt
在儿女思,是分所应,父,016.txt
想父,是分所应,母,016.txt
分所应当,母在家,父,016.txt
想父,在家,母,016.txt
若只管思,竟不能见,女儿,016.txt
有国体仪,女尚不能,母,016.txt
人的,已在家里,父亲,016.txt
妃的,吴天,父亲,016.txt
正在,苏扬州一,姑,016.txt
说的热闹,又打发人,夫人,016.txt
先回说,打发我来,父亲,016.txt
来回,老爷们已,叔,016.txt
回叔,老爷们已,叔,016.txt
明日就得,叔才回家,叔,016.txt
明日就得,才回家,叔,016.txt
前回说,苏聘请教,姑,016.txt
两个,还有单聘,儿子,016.txt
来见,贾琏听,叔,016.txt
见叔,贾琏听了,叔,016.txt
给蔷,弟带了去,兄,016.txt
蔷兄,带了去,弟,016.txt
身往,苏去了,姑,016.txt
意欲回了,去望候秦,母,016.txt
明贾,贾母吩咐,母,016.txt
回明贾母,吩咐,母,016.txt
房婶,并几个弟,母,016.txt
几个,兄都藏之,弟,016.txt
个弟,都藏之不,兄,016.txt
忙叫道,宝玉来了,兄,016.txt
又记挂着,还有留积,父亲,016.txt
凄恻哀痛,帮了几十,母,017.txt
忧戚不尽,常命人带,母,017.txt
二世,天分高,兄,017.txt
还是宝,弟拟一个,兄,017.txt
还是宝兄,拟一个来,弟,017.txt
昨日听见,弟说,兄,017.txt
琏兄,还不全,弟,017.txt
方才世,有云,兄,017.txt
怕贾,不放心,母,017.txt
这叫作,身赞妙,女儿,017.txt
俗传系出,云彼,女儿,017.txt
所以以,命名,女儿,017.txt
送至贾,二门前,母,017.txt
那时贾,已命人看,母,017.txt
见过贾,知不曾难,母,017.txt
前面贾,一片声找,母,017.txt
在林,娘房里呢,姑,017.txt
房里呢,听说道,母,017.txt
到王,上房中去,夫人,017.txt
此时王,那边热闹,夫人,017.txt
已从,苏采买了,姑,017.txt
那时薛,妈另迁于,姨,017.txt
小尼,小道姑都,姑,017.txt
小道,都有了,姑,017.txt
因生了这,娘自小多,姑,017.txt
到底这位,娘亲自入,姑,017.txt
如今,母俱已亡,父,017.txt
如今父,俱已亡故,母,017.txt
去岁随了,上来,父,017.txt
他师,极精演先,父,017.txt
他师,临寂遗言,父,017.txt
未回乡,不等回完,夫人,017.txt
此时王夫,笑道,夫人,017.txt
妃省,天伦乐宝,父,018.txt
省父,天伦乐宝,母,018.txt
连王,并上房丫,夫人,018.txt
王夫人等,等日日忙,夫人,018.txt
小尼,道姑也都,姑,018.txt
小尼姑,也都学会,姑,018.txt
又请贾,等进园,母,018.txt
自贾,等有爵者,母,018.txt
西街门外,等在荣府,母,018.txt
大马而来,忙接入,母,018.txt
于是贾,等暂且自,母,018.txt
西街门外,领合族女,母,018.txt
缓缓行来,等连忙路,母,018.txt
扶起贾,邢夫人,母,018.txt
扶起贾母,王夫人来,夫人,018.txt
邢夫人,那版舆抬,夫人,018.txt
自幼亦系,教养,母,018.txt
宝玉为弱,贾妃之心,弟,018.txt
上念,年将迈,母,018.txt
始得此,是以怜爱,弟,018.txt
与诸,待之不同,弟,018.txt
且同随祖,刻未暂离,母,018.txt
系姊,其情状有,弟,018.txt
其情状有,自入宫后,母,018.txt
来与,母说,父,018.txt
与父,千万好,母,018.txt
且致,母之忧,父,018.txt
且致父,之忧,母,018.txt
知系其爱,所为,弟,018.txt
至贾,正室,母,018.txt
欲行家礼,等俱跪止,母,018.txt
一手搀贾,一手搀王,母,018.txt
一手搀王,三个人满,夫人,018.txt
呜咽对泣,李纨,夫人,018.txt
安慰贾,王夫人道,母,018.txt
安慰贾母,当日既,夫人,018.txt
哽咽起来,等忙上来,夫人,018.txt
上来解劝,等让贾妃,母,018.txt
妃因问,宝钗,姨,018.txt
何不见,启曰,夫人,018.txt
一时,妈等进来,姨,018.txt
上来叩见,等连忙扶,母,018.txt
小太监答,女姊妹深,母,018.txt
谓其,田舍之,父,018.txt
不进见,乃启,母,018.txt
大开筵宴,等在下相,母,018.txt
你师,再不叫姐,父,018.txt
只管姐,妹的,姐妹,018.txt
只不过随,依叔行礼,母,018.txt
母依,行礼,叔,018.txt
原来贾,的是金,母,018.txt
银锞十锭,王夫人二,夫人,018.txt
邢夫人,二分,夫人,018.txt
是赐与贾,王夫人及,母,018.txt
赐与贾母,及诸姊妹,夫人,018.txt
拉字,王夫人的,母,018.txt
拉字母,的手,夫人,018.txt
靡费了,等已哭的,母,018.txt
将贾,王夫人安,母,018.txt
易将贾母,安慰解劝,夫人,018.txt
袭人的,又亲来回,母亲,019.txt
过贾,接袭人家,母,019.txt
自己回过,过去看戏,母,019.txt
丁郎认,黄伯央,父,019.txt
认父,央大摆阴,伯,019.txt
据他说,养他的时,母亲,019.txt
人之,花自芳,兄,019.txt
彼时袭人,接了袭人,母,019.txt
外甥,几个侄女,女儿,019.txt
几个侄,来家,女儿,019.txt
袭人之,也早迎了,母,019.txt
花自芳,子两个百,母,019.txt
彼时他,兄已是忙,母,019.txt
彼时他母,已是忙另,兄,019.txt
偏奶,李嬷嬷拄,母,019.txt
又代,妹问诸同,母,019.txt
那是我两,妹子,姨,019.txt
惯养的呢,爹姨娘的,姨,019.txt
我姨爹,娘的宝贝,姨,019.txt
史大,娘几年,姑,019.txt
和你,多多给你,母亲,019.txt
多多给你,些银子,母亲,019.txt
听见他,兄要赎他,母,019.txt
听见他母,要赎他回,兄,019.txt
他母兄见,兄见他这,母,019.txt
他母,见他这般,兄,019.txt
因此,子两个也,母,019.txt
那般景况,子二人心,母,019.txt
近来仗着,溺爱,母,019.txt
着祖母溺,母亦不能,父,019.txt
祖母溺爱,亦不能十,母,019.txt
了贾,传医诊视,母,019.txt
便是,舅看不见,舅,019.txt
便是舅,看不见,舅,019.txt
吹到,舅耳朵里,舅,019.txt
吹到舅,耳朵里,舅,019.txt
哥亲,弟弄了花,兄,019.txt
亲兄,弄了花儿,弟,019.txt
原来是宝,怨不得他,兄,019.txt
原来是宝,怨不得他,弟,019.txt
那个,娘得罪了,姑,020.txt
坐一会子,娘们顽一,姑,020.txt
同贾,吃毕饭,母,020.txt
母吃毕饭,犹欲同那,母,020.txt
到薛,妈这边来,姨,020.txt
忙劝他,快别说这,兄,020.txt
好兄,快别说这,弟,020.txt
凡作,弟的,兄,020.txt
凡作兄,都怕哥哥,弟,020.txt
他想着,弟们一并,兄,020.txt
他想着,们一并都,弟,020.txt
都有,母教训,父,020.txt
有父,教训,母,020.txt
探春,叔的有迎,伯,020.txt
探春,的有迎春,叔,020.txt
只钟于,须眉男子,女儿,020.txt
只是,叔伯兄弟,父亲,020.txt
只是父亲,伯兄弟中,叔,020.txt
只是父亲,兄弟中,伯,020.txt
叔伯,弟中,兄,020.txt
伯兄,因孔子是,弟,020.txt
所以,兄之间不,弟,020.txt
所以,之间不过,兄,020.txt
己是,须要为子,丈夫,020.txt
须要为子,之表率,弟,020.txt
却怕贾,才让他三,母,020.txt
只得回来,娘见他这,姨,020.txt
我来了,娘啐道,姨,020.txt
又怎么了,弟小孩子,兄,020.txt
环兄,小孩子家,弟,020.txt
什么相干,出来,兄,020.txt
环兄,出来,弟,020.txt
怕王,更甚,夫人,020.txt
唯的出来,娘也不敢,姨,020.txt
个姐,妹哥哥嫂,姐妹,020.txt
取一吊钱,娘们都在,姑,020.txt
史大,娘来了,姑,020.txt
至贾,这边,母,020.txt
咱们是,舅姊妹,姑,020.txt
咱们是姑,姊妹,舅,020.txt
宝姐姐是,姊妹,姨,020.txt
看宝,弟分上,兄,021.txt
宝兄,分上,弟,021.txt
掌灯时分,李纨,夫人,021.txt
惜等都往,这边来,母,021.txt
因问道,弟那去了,兄,021.txt
宝兄,那去了,弟,021.txt
含笑道,弟那里还,兄,021.txt
宝兄,那里还有,弟,021.txt
正闹着,遣人来叫,母,021.txt
见贾,后往王夫,母,021.txt
后往王,处来,夫人,021.txt
夫便说,奶奶们道,夫人,021.txt
非别病,凤姐听了,夫人,021.txt
着王,日日供奉,夫人,021.txt
因他自小,母替他在,父,021.txt
因他自小,替他在外,母,021.txt
都呼他作,娘儿,姑,021.txt
只是内惧,外惧娈宠,妻,021.txt
那多,娘儿也曾,姑,021.txt
你家,出花儿,女儿,021.txt
他不论小,子侄儿,叔,021.txt
来多抱怨,自古便含,妻,021.txt
因要回去,因说,母,022.txt
谁想贾,自见宝钗,母,022.txt
有宝,弟顶了你,兄,022.txt
宝兄,顶了你老,弟,022.txt
都笑起来,亦笑道,母,022.txt
又引着贾,笑了一回,母,022.txt
笑了一回,十分喜悦,母,022.txt
众人都在,定昏之余,母,022.txt
等说笑时,因问宝钗,母,022.txt
宝钗深知,年老人,母,022.txt
便总依贾,往日素喜,母,022.txt
说了出来,更加欢悦,母,022.txt
玩物礼去,凤姐,夫人,022.txt
就贾,内院中搭,母,022.txt
就在贾,上房排了,母,022.txt
只有薛,史湘云,姨,022.txt
饭点戏时,一定先叫,母,022.txt
西游记,自是欢喜,母,022.txt
凤姐亦知,喜热闹,母,022.txt
二当衣,果真更又,母,022.txt
黛玉因让,妈王夫人,姨,022.txt
妈王,贾母道,夫人,022.txt
王夫人等,今日原,母,022.txt
上酒席时,又命宝钗,母,022.txt
至晚散时,深爱那作,母,022.txt
叹息一回,令人另拿,母,022.txt
一径至贾,里间,母,022.txt
几天戏来,娘一定要,姑,022.txt
袭人笑道,娘请站住,姑,022.txt
令徒,诸僧各出,弟,022.txt
至贾,上房,母,022.txt
贾母见元,见元春这,母,022.txt
见贾,高兴,母,022.txt
请贾,赏灯取乐,母,022.txt
上面贾,贾政,母,022.txt
下面王,宝钗,夫人,022.txt
贾兰唤来,命他在身,母,022.txt
拘束不乐,亦知因贾,母,022.txt
贾政亦知,之意,母,022.txt
姊妹,弟取乐的,兄,022.txt
妹兄,取乐的,弟,022.txt
便不略赐,半点,儿子,022.txt
子半点,笑道,母,022.txt
领赏的,这个自,母,022.txt
也得了贾,的东西,母,022.txt
与贾,念道,母,022.txt
了贾,贾母想了,母,022.txt
诉了贾母,想了想,母,022.txt
一齐捧上,逐件看去,母,022.txt
迎春送酒,因说,母,022.txt
因在贾,之前,母,022.txt
贾母见贾,见贾政如,母,022.txt
了贾,一回酒,母,022.txt
且说贾,见贾政去,母,022.txt
只是厮缠,又与李宫,母,022.txt
芹之,周氏,母,023.txt
务与,管管,儿子,023.txt
回王,这些小,夫人,023.txt
费事呢,听了,夫人,023.txt
子的,芸儿来求,儿子,023.txt
琏夫,两个,妻,023.txt
厮拿回家,商议,母亲,023.txt
不比别的,若不命他,兄,023.txt
不比别的,若不命他,弟,023.txt
未免贾,王夫人愁,母,023.txt
未免贾母,愁虑,夫人,023.txt
贾政,接了这谕,夫人,023.txt
便来回明,遣人进去,母,023.txt
正和贾,盘算,母,023.txt
便拉着贾,扭的好似,母,023.txt
死不敢去,只得安慰,母,023.txt
在王,房中商议,夫人,023.txt
和王,都在里间,夫人,023.txt
在里间呢,娘打起帘,姨,023.txt
和王,对面坐在,夫人,023.txt
再看看王,只有这一,夫人,023.txt
生的,素爱如珍,儿子,023.txt
贾政一举,便拉他在,夫人,023.txt
他姊,三人依旧,弟,023.txt
王夫人摸,摸挲着宝,夫人,023.txt
有一丸,明儿再,夫人,023.txt
是何人,是个丫,夫人,023.txt
的名字,见贾政不,夫人,023.txt
个名字,忙又道,夫人,023.txt
不出去,也忙道,夫人,023.txt
一面回至,跟前,母,023.txt
回贾,二月二,母,023.txt
女儿翠袖,翠袖诗怀,女儿,023.txt
浮子,爱上那风,弟,023.txt
我告诉,舅舅母去,舅,023.txt
我告诉舅,舅母去,舅,023.txt
我告诉舅,母去,舅,023.txt
舅舅,说到,母,023.txt
一品,病老归西,夫人,023.txt
爷身上不,娘们都过,姑,023.txt
财尚义侠,遗帕惹相,女儿,024.txt
们的,娘的,姑,024.txt
见贾,贾母,母,024.txt
见过贾,出至外面,母,024.txt
请宝,十八岁,叔,024.txt
子的,芸儿,儿子,024.txt
因问他,这会子什,母亲,024.txt
找二,说句话,叔,024.txt
倒象我的,贾琏笑道,儿子,024.txt
就替你作,宝玉笑,儿子,024.txt
只从我,没了,父亲,024.txt
如若宝,不嫌侄儿,叔,024.txt
认作,就是我的,儿子,024.txt
你听见了,不是好开,儿子,024.txt
先述了贾,问的话,母,024.txt
了贾,次后便唤,母,024.txt
进入上房,见了他来,夫人,024.txt
请过贾,宝玉方请,母,024.txt
玉方请安,拉他上炕,夫人,024.txt
问宝玉好,那里找,夫人,024.txt
贾兰小,侄两个也,叔,024.txt
请过安,便叫他两,夫人,024.txt
同邢,坐在一个,夫人,024.txt
个坐褥上,又百般摩,夫人,024.txt
一同回去,笑道,夫人,024.txt
只得坐了,向他两个,夫人,024.txt
各人,你们姑娘,母亲,024.txt
你们,姐姐,姑,024.txt
么不见,他们坐,夫人,024.txt
什么话,笑道,夫人,024.txt
罗列杯盘,女姊妹们,母,024.txt
见过贾,王夫人等,母,024.txt
见过贾母,各自回房,夫人,024.txt
我就等着,叔也不必,叔,024.txt
就等着罢,也不必先,叔,024.txt
便一径往,舅卜世仁,母,024.txt
他母,卜世仁家,舅,024.txt
有件事求,舅帮衬帮,舅,024.txt
有件事求,帮衬帮衬,舅,024.txt
好歹,舅每样赊,舅,024.txt
好歹舅,每样赊四,舅,024.txt
你只说,舅见你一,舅,024.txt
你只说舅,见你一遭,舅,024.txt
贾芸笑道,舅说的倒,舅,024.txt
芸笑道,说的倒干,舅,024.txt
的倒干净,没的时候,父亲,024.txt
后来听见,都还亏舅,母亲,024.txt
都还亏,舅们在我,舅,024.txt
都还亏舅,们在我们,舅,024.txt
难道,舅就不知,舅,024.txt
难道舅,就不知道,舅,024.txt
缠着,要三升米,舅,024.txt
着舅,要三升米,舅,024.txt
二升豆子,舅也就没,舅,024.txt
升豆子的,也就没有,舅,024.txt
我的儿,舅要有,舅,024.txt
我的儿,要有,舅,024.txt
我天天和,母说,舅,024.txt
你舅,只愁你没,母,024.txt
送过来,两个说话,妻,024.txt
离了,舅家门,母,024.txt
了母,家门,舅,024.txt
要不是令,我便骂不,舅,024.txt
叫我们,明儿一早,女儿,024.txt
见他,自在炕上,母亲,024.txt
贾芸恐他,生气,母亲,024.txt
琏二,问他母亲,叔,024.txt
问他,吃了饭不,母亲,024.txt
了饭不曾,已吃过了,母亲,024.txt
只问他,怎么不,母亲,024.txt
我就和我,商量,母亲,024.txt
怪道你,叔常提你,叔,024.txt
怪道你叔,常提你,叔,024.txt
原来,叔也曾提,叔,024.txt
原来叔,也曾提我,叔,024.txt
便往贾,那里去了,母,024.txt
到贾,那边仪门,母,024.txt
爷房里的,你进去带,姑,024.txt
昨儿你,叔才告诉,叔,024.txt
昨儿你叔,才告诉我,叔,024.txt
芸笑道,叔这事,叔,024.txt
求叔,这事,叔,024.txt
谁承望,叔竟不能,叔,024.txt
谁承望叔,竟不能的,叔,024.txt
我倒要把,叔丢下,叔,024.txt
我倒要把,丢下,叔,024.txt
要不是你,叔说,叔,024.txt
要不是你,我不管你,叔,024.txt
回家告诉,自是母子,母亲,024.txt
自是,子俱各欢,母,024.txt
见过贾母,回至园内,夫人,024.txt
檀云又因,的生日接,母亲,024.txt
代的旧仆,母现在收,父,024.txt
他父,现在收管,母,024.txt
魇魔法姊,逢五鬼,弟,025.txt
你到林,娘那里去,姑,025.txt
子腾,的寿诞,夫人,025.txt
请贾,王夫人的,母,025.txt
母王,王夫人见,夫人,025.txt
王夫人的,见贾母不,夫人,025.txt
王夫人见,不自在,母,025.txt
倒是薛,妈同凤姐,姨,025.txt
可巧王,见贾环下,夫人,025.txt
在王,炕上坐着,夫人,025.txt
因见王,和人说话,夫人,025.txt
拜见过王,王夫人便,夫人,025.txt
过王夫人,便一长一,夫人,025.txt
进门见了,不过规规,夫人,025.txt
在王,怀里,夫人,025.txt
夫人怀里,便用手满,夫人,025.txt
着王,的脖子说,夫人,025.txt
长道短的,我的儿,夫人,025.txt
在王,身后倒下,夫人,025.txt
头都是油,又急又气,夫人,025.txt
得高台盘,娘时常也,姨,025.txt
了王,那王夫人,夫人,025.txt
那王,不骂贾环,夫人,025.txt
便叫过赵,娘来骂道,姨,025.txt
那赵,娘素日虽,姨,025.txt
睛竟没动,看了,夫人,025.txt
又怕明日,问怎么回,母,025.txt
急的又把,娘数落一,姨,025.txt
说去罢,命人好生,夫人,025.txt
宝玉见了,虽然自己,母,025.txt
免不得那,又把跟从,母,025.txt
又向贾,祖宗老,母,025.txt
的子,只一生长,弟,025.txt
不大的,听如此说,母,025.txt
客之灾,倒不知,母,025.txt
敢息的,一天一,母,025.txt
替他点,听了,母,025.txt
若是为,母尊亲长,父,025.txt
若是为父,尊亲长上,母,025.txt
就是了,既是这,母,025.txt
大菩萨,又命人来,母,025.txt
一时来至,娘房内,姨,025.txt
二人见过,娘命小丫,姨,025.txt
绸缎湾角,娘正粘鞋,姨,025.txt
面给我,娘听说,姨,025.txt
赵姨娘问,娘问道,姨,025.txt
了供了,娘叹口气,姨,025.txt
德不能,娘听说,姨,025.txt
二奶奶,娘唬的忙,姨,025.txt
倒也妙,娘道,姨,025.txt
这如今,娘闻听这,姨,025.txt
罪过,娘道,姨,025.txt
打动我,娘听这话,姨,025.txt
理我呢,娘道,姨,025.txt
然这样,娘道,姨,025.txt
两欠契来,娘便印了,姨,025.txt
递与赵,又悄悄的,姨,025.txt
只见王,的丫鬟进,夫人,025.txt
只见赵,娘和周姨,姨,025.txt
和周,娘两个人,姨,025.txt
只见王,房内的丫,夫人,025.txt
丫头来说,太太来了,舅,025.txt
请奶奶,娘们出去,姑,025.txt
别叫,母进来,舅,025.txt
叫舅,进来,母,025.txt
忙去报知,贾母等,夫人,025.txt
知王夫人,此时王子,母,025.txt
腾的,也在这里,夫人,025.txt
天翻地覆,王夫人见,母,025.txt
贾母,见了,夫人,025.txt
连贾赦,贾珍,夫人,025.txt
贾萍,薛蟠并周,姨,025.txt
又恐薛,妈被人挤,姨,025.txt
王子腾,告辞去后,夫人,025.txt
小史侯家,弟兄辈并,夫人,025.txt
邢夫人,兄辈并各,弟,025.txt
邢夫人弟,辈并各亲,兄,025.txt
总不见效,嫂二人愈,叔,025.txt
到王,的上房内,夫人,025.txt
轮班看守,王夫人,母,025.txt
贾母,邢夫人薛,夫人,025.txt
王夫人,薛姨妈等,夫人,025.txt
邢夫人薛,妈等寸地,姨,025.txt
了贾,日夜熬油,母,025.txt
治备下了,王夫人,母,025.txt
贾母,贾琏,夫人,025.txt
觅死寻活,贾环等自,姨,025.txt
四日早晨,等正围着,母,025.txt
我走罢,听了这话,母,025.txt
去肝一般,娘在旁劝,姨,025.txt
被贾,照脸啐了,母,025.txt
便喝退赵,自己上来,姨,025.txt
出去看,听了,母,025.txt
能医治,王夫人听,母,025.txt
贾母,听见这些,夫人,025.txt
奈贾,之言如何,母,025.txt
除亲身,母外,妻,025.txt
除亲身妻,不可使阴,母,025.txt
已出去了,等还只管,母,025.txt
在王,卧室之内,夫人,025.txt
悬在门上,亲身守着,夫人,025.txt
腹中饥饿,王夫人如,母,025.txt
贾母,如得了珍,夫人,025.txt
又管林,娘的姻缘,姑,025.txt
宝玉叫往,娘那里送,姑,026.txt
给林,娘送钱来,姑,026.txt
见我去了,娘就抓了,姑,026.txt
想起来了,娘生的弱,姑,026.txt
偏偏又遇,叔身上欠,叔,026.txt
着叔,身上欠安,叔,026.txt
叔身上欠,叔如今可,叔,026.txt
身上欠安,如今可大,叔,026.txt
也是该当,叔大安了,叔,026.txt
是该当的,大安了,叔,026.txt
我来到,叔这里,叔,026.txt
我来到叔,这里,叔,026.txt
虽如此说,叔房里姐,叔,026.txt
虽如此说,房里姐姐,叔,026.txt
字叫什么,母在那一,父,026.txt
你父,在那一行,母,026.txt
在宝,房内几年,叔,026.txt
共总宝,房内有几,叔,026.txt
笑道,叔在家里,叔,026.txt
二叔,在家里呢,叔,026.txt
我们只当,娘睡着了,姑,026.txt
叫紫鹃说,娘醒了,姑,026.txt
要不说,夫叫你,姨,026.txt
怎么说我,我告诉姨,父亲,026.txt
我告诉,娘去,姨,026.txt
蟠忙道,我原为求,兄,026.txt
好兄,我原为求,弟,026.txt
说我的,就完了,父亲,026.txt
敬了,赶着给你,母亲,026.txt
你们老太,姨母送了,姨,026.txt
们老太太,姨母送了,父,026.txt
姨父,母送了些,姨,026.txt
姨父,送了些去,母,026.txt
老世,身上康健,伯,026.txt
英答道,倒也托庇,父,026.txt
近来家,偶着了些,母,026.txt
尉的,打伤了,儿子,026.txt
我在沈世,家赴席不,兄,026.txt
还是老世,也去了,伯,026.txt
可不是家,我没法儿,父,026.txt
见家,面回,父,026.txt
只因冯世,来了,兄,026.txt
虽说是,母家如同,舅,026.txt
虽说是舅,家如同自,母,026.txt
如今,母双亡,父,026.txt
如今父,双亡,母,026.txt
怕他思,想家乡,父,027.txt
怕他思父,想家乡,母,027.txt
我叫林,娘去就来,姑,027.txt
一处长大,妹间多有,兄,027.txt
你们把林,娘藏在那,姑,027.txt
何曾见林,娘了,姑,027.txt
着林,娘在这里,姑,027.txt
了不得了,娘蹲在这,姑,027.txt
若是宝,娘听见,姑,027.txt
还倒罢了,娘嘴里又,姑,027.txt
陪笑问道,娘们可知,姑,027.txt
发了人来,奶奶带了,舅,027.txt
里的,奶奶寻两,姑,027.txt
那边,奶奶带去,舅,027.txt
我认你作,我一调理,女儿,027.txt
奶的,这会子又,女儿,027.txt
我作,凤姐道,女儿,027.txt
对夫,一个天聋,妻,027.txt
只见王,的丫头来,夫人,027.txt
儿我生日,母给的,舅,027.txt
是舅,给的,母,027.txt
老爷听了,母给的,舅,027.txt
这还罢了,娘气的抱,姨,027.txt
正经,鞋搭拉袜,兄,027.txt
正经兄,鞋搭拉袜,弟,027.txt
哥哥,随我的心,弟,027.txt
哥弟,随我的心,弟,027.txt
就是姊妹,兄跟前,弟,027.txt
就是姊妹,跟前,兄,027.txt
闺中,惜春暮,女儿,027.txt
当初,娘来了,姑,028.txt
凭我心爱,娘要,姑,028.txt
听见,娘也爱吃,姑,028.txt
着等,娘吃,姑,028.txt
我怕,娘生气,姑,028.txt
如今谁承,娘人大心,姑,028.txt
我又没个,弟亲姊妹,兄,028.txt
亲兄,亲姊妹,弟,028.txt
我隔,我也和你,母,028.txt
你的那些,娘们也该,姑,028.txt
倘或明儿,娘来,姑,028.txt
什么贝,娘来,姑,028.txt
前头来了,见了林黛,夫人,028.txt
因问道,你吃那鲍,姑,028.txt
药的好,前儿大,夫人,028.txt
养荣丸,不是,夫人,028.txt
八珍益,左归,母,028.txt
地黄丸,都不是,夫人,028.txt
补心丹,笑道,夫人,028.txt
糊涂了,扯你娘,夫人,028.txt
王夫人又,又道,夫人,028.txt
就好了,放屁,夫人,028.txt
你别叫,娘问我,姨,028.txt
娘问我,笑道,夫人,028.txt
来笑道,弟不是撒,兄,028.txt
宝兄,不是撒谎,弟,028.txt
他说是宝,弟的方子,兄,028.txt
他说是宝,的方子,弟,028.txt
以使得,阿弥陀,夫人,028.txt
黛玉便拉,舅母听,夫人,028.txt
王夫人道,母听听,舅,028.txt
夫人道,听听,母,028.txt
吾着我,也道,夫人,028.txt
只见贾,房里的丫,母,028.txt
太吃罢,就好了,夫人,028.txt
子上坐了,向宝钗等,夫人,028.txt
陪着林,娘走一趟,姑,028.txt
怕贾,记挂,母,028.txt
吃完饭了,因问他,母,028.txt
在那里,里头屋,母,028.txt
和贾,说了一回,母,028.txt
个不知道,弟心里不,兄,028.txt
宝兄,心里不受,弟,028.txt
你们令,弟倒都心,表兄,028.txt
你们令表,倒都心实,弟,028.txt
却要说出,还要注明,女儿,028.txt
宝玉说道,青春已大,女儿,028.txt
已大守空,悔教夫婿,女儿,028.txt
夫婿觅封,对镜晨妆,女儿,028.txt
晨妆颜色,秋千架上,女儿,028.txt
说道,儿夫染病,女儿,028.txt
染病在垂,大风吹倒,女儿,028.txt
吹倒梳妆,头胎养了,女儿,028.txt
养了双生,私向花园,女儿,028.txt
儿便说道,将来终身,女儿,028.txt
云儿又道,妈妈打骂,女儿,028.txt
云儿又道,情郎不舍,女儿,028.txt
不舍还家,住了箫管,女儿,028.txt
我可要说,说了,女儿,028.txt
才说道,又咳,女儿,028.txt
说道,嫁了个男,女儿,028.txt
一个,嫁了汉子,女儿,028.txt
又说道,说了,女儿,028.txt
听我说罢,洞房花烛,女儿,028.txt
薛蟠又道,一根毨往,女儿,028.txt
玉菡说道,丈夫一去,女儿,028.txt
女儿悲,一去不回,丈夫,028.txt
一去不回,无钱去打,女儿,028.txt
去打桂花,灯花并头,女儿,028.txt
并头结双,夫唱妇随,女儿,028.txt
老爷,太太的只,姨,028.txt
你的同宝,娘的一样,姑,028.txt
娘的一样,娘同二姑,姑,028.txt
林姑娘同,三姑娘,姑,028.txt
同二姑娘,四姑娘只,姑,028.txt
三姑娘,娘只单有,姑,028.txt
怎么林,娘的倒不,姑,028.txt
到林,娘那里去,姑,028.txt
回来说,娘说了,姑,028.txt
要往贾,那里请安,母,028.txt
比不得宝,什么金什,姑,028.txt
到了王,那里,夫人,028.txt
然后到了,这边,母,028.txt
往日,对王夫人,母亲,028.txt
对王,等曾提过,夫人,028.txt
贾母听说,听说,母,029.txt
受用了,到明儿,母,029.txt
疼我了,因又向宝,母,029.txt
连你,也去,母亲,029.txt
贾母又打,又打发人,母,029.txt
了薛,顺路告诉,姨,029.txt
顺路告诉,要带了他,夫人,029.txt
们姊妹去,因一则身,夫人,029.txt
听贾,如今这样,母,029.txt
等都说去,越发心中,母,029.txt
妃作好事,去拈香,母亲,029.txt
少时,等出来,母,029.txt
母等出来,坐一乘八,母,029.txt
凤姐儿,妈每人一,姨,029.txt
然后贾,的丫头鸳,母,029.txt
彩屏,妈的丫头,姨,029.txt
并王,两个丫头,夫人,029.txt
一街的车,等已经坐,母,029.txt
去的说道,娘们,姑,029.txt
在贾,轿前,母,029.txt
路旁迎接,的轿刚至,母,029.txt
山门以内,在轿内因,母,029.txt
各子,上来迎接,弟,029.txt
搀贾,自己下了,母,029.txt
贾母听了,听了忙问,母,029.txt
搀字,就回说,母,029.txt
混钻呢,听说,母,029.txt
地下乱战,命贾珍拉,母,029.txt
不出话来,还说,母,029.txt
这里贾,带着众人,母,029.txt
见贾,等进入二,母,029.txt
告诉你娘,子去,母,029.txt
老太太同,娘们都来,姑,029.txt
个府里去,小姐都是,夫人,029.txt
贾珍到贾,跟前,母,029.txt
来请安,听了,母,029.txt
发好了,笑道,母,029.txt
不在家,说道,母,029.txt
又向贾,笑道,母,029.txt
发福了,他外头,母,029.txt
流下泪来,听说,母,029.txt
我养这些,孙子,儿子,029.txt
人去说,上回有,母,029.txt
不住笑了,回头道,母,029.txt
识见识,既这们,母,029.txt
值多了,听说,母,029.txt
这里贾,与众人各,母,029.txt
赏人罢,听说,母,029.txt
出身了,听如此说,母,029.txt
穷人罢,笑道,母,029.txt
这里贾,与众人上,母,029.txt
蛇记,白蛇记,母,029.txt
床笏,笑道,母,029.txt
柯梦,听了便不,母,029.txt
坐在贾,旁边,母,029.txt
与贾,贾母因看,母,029.txt
与贾母看,因看见有,母,029.txt
个小些,是云儿,母,029.txt
蓉的,婆媳两个,妻子,029.txt
彼此见过,方说,母,029.txt
都来送礼,才后悔起,母,029.txt
那贾,因昨日张,母,029.txt
因此二事,便执意不,母,029.txt
虽然生气,娘到底也,姑,029.txt
也不该同,娘拌嘴,姑,029.txt
回贾,王夫人知,母,029.txt
母王,知道,夫人,029.txt
那贾,王夫人见,母,029.txt
那贾母王,见他们忙,夫人,029.txt
瞧他,急的袭人,兄,029.txt
那贾,王夫人进,母,029.txt
那贾母,进来,夫人,029.txt
还是贾,带出宝玉,母,029.txt
那贾,见他两个,母,029.txt
竟是,娘太浮躁,姑,030.txt
有三分不,娘倒有七,姑,030.txt
日在,娘身上就,姑,030.txt
皆因,娘小性儿,姑,030.txt
紫鹃道,娘又不是,姑,030.txt
到了贾,跟前,母,030.txt
挨着贾,坐下,母,030.txt
况身上不,兄们日日,弟,030.txt
身上不好,们日日一,兄,030.txt
哥好,弟可以作,兄,030.txt
好兄,可以作得,弟,030.txt
必是宝,娘藏了我,姑,030.txt
藏了我的,赏我罢,姑,030.txt
那些,娘们跟前,姑,030.txt
从贾,这里出来,母,030.txt
来到王,上房内,夫人,030.txt
打盹儿呢,在里间凉,夫人,030.txt
瞧王,合着眼,夫人,030.txt
只见王,翻身起来,夫人,030.txt
宝玉见王,起来,夫人,030.txt
见王,醒了,夫人,030.txt
都忙进来,便叫玉钏,夫人,030.txt
见人呢,固然是个,夫人,030.txt
儿之,白老媳妇,母,030.txt
见王,醒来,夫人,030.txt
那林,娘学了,姑,030.txt
是宝,娘的声音,姑,030.txt
胡说,娘这会子,姑,030.txt
午间,治了酒席,夫人,031.txt
请薛家,女等赏午,母,031.txt
儿的原故,见宝玉没,夫人,031.txt
间王,就告诉了,夫人,031.txt
知道王,不自在,夫人,031.txt
也就随着,的气色行,夫人,031.txt
连个,娘还没挣,姑,031.txt
人听说道,娘倒是和,姑,031.txt
大家保重,娘倒寻上,姑,031.txt
推他道,娘你闹什,姑,031.txt
们一个丫,娘只是混,姑,031.txt
人笑道,你不知道,姑,031.txt
次日午间,薛宝钗,夫人,031.txt
在贾,房内坐着,母,031.txt
都见过了,因说,母,031.txt
起身宽衣,因笑道,夫人,031.txt
一旁笑道,娘不知道,姨,031.txt
把宝,弟的袍子,兄,031.txt
把宝兄,的袍子穿,弟,031.txt
是宝,就是多两,兄,031.txt
宝兄,就是多两,弟,031.txt
老太太和,母那日想,舅,031.txt
老太太和,那日想是,母,031.txt
你们,娘还是那,姑,031.txt
那些话,只怕如,夫人,031.txt
那们着,因问,母,031.txt
只想宝,两个人好,兄,031.txt
只想宝兄,两个人好,弟,031.txt
了淘气,如今你,母,031.txt
么不来,这里老,夫人,031.txt
是送,娘们的了,姑,031.txt
贾母向湘,向湘云道,母,031.txt
自去寻,觅嫂,姑,031.txt
我只问,这阴阳是,姑,031.txt
起来问道,这个难道,姑,031.txt
到底是,的呢,母,031.txt
翠缕道,娘是阳,姑,031.txt
是件宝贝,娘瞧不得,姑,031.txt
面笑道,娘听见前,姑,032.txt
是宝,娘给我的,姑,032.txt
就是没了,也是没妨,父,032.txt
就是没了,也是没妨,母,032.txt
说道,你如今大,姑,032.txt
了林,铰了两段,姑,032.txt
越发奇了,娘他也犯,姑,032.txt
玉听了道,娘请别的,姑,032.txt
袭人道,娘快别说,姑,032.txt
上回也是,娘也说过,姑,032.txt
这里宝,娘的话也,姑,032.txt
幸而是宝,那要是林,姑,032.txt
那要是林,不知又闹,姑,032.txt
真真的宝,娘叫人敬,姑,032.txt
那林,娘见你赌,姑,032.txt
宝玉道,娘从来说,姑,032.txt
所悲者,母早逝,父,032.txt
所悲者,早逝,母,032.txt
宝钗道,弟这会子,兄,032.txt
宝兄,这会子穿,弟,032.txt
如今听宝,娘这话,姑,032.txt
金钏儿,娘好好的,姑,032.txt
忙向王,处来道安,夫人,032.txt
至王,只见鸦雀,夫人,032.txt
独有王,在里间房,夫人,032.txt
一旁坐了,便问,夫人,032.txt
园里来,你从园,夫人,032.txt
可见你宝,宝钗道,兄,032.txt
可见你宝,宝钗道,弟,032.txt
那里去,点头哭道,夫人,032.txt
也奇了,原是前,夫人,032.txt
宝钗叹道,娘是慈善,姨,032.txt
为可惜,点头叹道,夫人,032.txt
宝钗叹道,娘也不必,姨,032.txt
之情了,刚才我,夫人,032.txt
我的,也差不多,女儿,032.txt
宝钗忙道,娘这会子,姨,032.txt
又相对,虽然这,夫人,032.txt
宝钗笑道,娘放心,姨,032.txt
起身就走,忙叫了两,夫人,032.txt
跟宝,娘去,姑,032.txt
在王,旁边坐着,夫人,032.txt
坐着垂泪,正才说他,夫人,032.txt
交割明白,将他母亲,夫人,032.txt
王夫人将,叫来拿了,母亲,032.txt
却说王,唤他母亲,夫人,033.txt
唤他,上来,母亲,033.txt
念经超度,磕头谢了,母亲,033.txt
进来被王,数落教训,夫人,033.txt
却是他,不觉的倒,父亲,033.txt
如今见了,说这些话,父亲,033.txt
贾环见了,唬的骨软,父亲,033.txt
贾环见他,盛怒,父亲,033.txt
膝跪下道,不用生气,父亲,033.txt
我听见我,说到,母亲,033.txt
悄说道,告诉我说,母亲,033.txt
淫辱,婢等语,母,033.txt
君杀,你们才不,父,033.txt
进去给信,不敢先回,夫人,033.txt
回贾,只得忙穿,母,033.txt
避之不及,一进房来,夫人,033.txt
早被王,抱住板子,夫人,033.txt
我才罢,哭道,夫人,033.txt
索来勒死,连忙抱住,夫人,033.txt
管教,也要看夫,儿子,033.txt
也要看夫,分上,妻,033.txt
泪如雨下,抱着宝玉,夫人,033.txt
得王,出来,夫人,033.txt
已出来了,哭着贾珠,夫人,033.txt
贾政见他,来了,母亲,033.txt
只见贾,扶着丫头,母,033.txt
大暑热天,有何生气,母亲,033.txt
叫了,进去吩咐,儿子,033.txt
去吩咐,听说,母,033.txt
个好,却教我和,儿子,033.txt
为儿的教,也为的是,儿子,033.txt
是光宗耀,这话,母亲,033.txt
禁得起,听说,母,033.txt
你说教训,是光宗耀,儿子,033.txt
当初你,怎么教训,父亲,033.txt
又陪笑道,也不必伤,母亲,033.txt
打他了,便冷笑道,母,033.txt
你的,我也不该,儿子,033.txt
干答应着,又叫王夫,母,033.txt
贾母又叫,你也不,夫人,033.txt
是他,你如今倒,母亲,033.txt
叩头哭道,如此说,母亲,033.txt
足之地,冷笑道,母,033.txt
贾母一面,一面说话,母,033.txt
哭个不了,与凤姐等,夫人,033.txt
随着贾,王夫人等,母,033.txt
随着贾母,等进去,夫人,033.txt
送至贾,房中,母,033.txt
见贾,气未全消,母,033.txt
再看看王,一声,夫人,033.txt
免你,生气,父亲,033.txt
先劝贾,贾母含泪,母,033.txt
先劝贾母,含泪说道,母,033.txt
此时薛,妈同宝钗,姨,033.txt
调停完备,好生抬到,母,033.txt
见贾,王夫人等,母,034.txt
母王,等去后,夫人,034.txt
鬟们说,娘来了,姑,034.txt
到底宝,弟素日不,兄,034.txt
到底宝兄,素日不正,弟,034.txt
一时说出,弟来,兄,034.txt
宝兄,也不是有,弟,034.txt
防嫌小事,娘从小儿,姑,034.txt
见宝,弟这么样,兄,034.txt
宝兄,这么样细,弟,034.txt
院外,娘倒费心,姑,034.txt
接着,妈又来了,姨,034.txt
一时贾,又打发了,母,034.txt
只见王,使个婆子,夫人,034.txt
来至上房,正坐在凉,夫人,034.txt
耽误了,也没甚,夫人,034.txt
袭人道,娘送去的,姑,034.txt
好些了,又问,夫人,034.txt
不香甜,嗳哟,夫人,034.txt
有多少,那是进,夫人,034.txt
方要走时,又叫,夫人,034.txt
忙又回来,见房内无,夫人,034.txt
个打的,摇头说道,夫人,034.txt
忙又咽住,你只管,夫人,034.txt
就说了,我有什,夫人,034.txt
事来呢,一闻此言,夫人,034.txt
道管,先时你珠,儿子,034.txt
知管,只是有个,儿子,034.txt
袭人见王,这般悲感,夫人,034.txt
都没了,听了这话,夫人,034.txt
和老,娘一体行,姨,034.txt
就好了,听了,夫人,034.txt
里头,娘们也大,姑,034.txt
况且林,娘宝姑娘,姑,034.txt
娘宝,娘又是两,姑,034.txt
是两,姑表姊妹,姨,034.txt
两姨,表姊妹,姑,034.txt
道罢了,听了这话,夫人,034.txt
你到林,娘那里看,姑,034.txt
来给,黛玉听,姑,034.txt
往他,那里去了,母亲,034.txt
见过,只见宝钗,母亲,034.txt
听见宝,弟吃了亏,兄,034.txt
听见宝兄,吃了亏,弟,034.txt
为什么,妈正为这,姨,034.txt
闹什么,妈道,姨,034.txt
信了罢,妈道,姨,034.txt
不要逛去,又说他犯,母亲,034.txt
玉是天王,打他一顿,父亲,034.txt
回为他不,爹打了他,姨,034.txt
慌的薛,妈一把抓,姨,034.txt
的不成,妈和宝钗,姨,034.txt
难以驳正,的话反难,母亲,034.txt
拉着薛,妈哭道,姨,034.txt
这里薛,妈气的乱,姨,034.txt
又怕他,不安,母亲,034.txt
别了,各自回来,母亲,034.txt
便出来瞧,可巧遇见,母亲,034.txt
因记挂着,哥哥,母亲,035.txt
只见贾,搭着凤姐,母,035.txt
后头邢,王夫人跟,夫人,035.txt
人王,跟着周姨,夫人,035.txt
着周,娘并丫鬟,姨,035.txt
想起有,母的人的,父,035.txt
想起有父,的人的好,母,035.txt
只见宝钗,妈等也进,姨,035.txt
说道,娘吃药去,姑,035.txt
尚有孀,弱弟,母,035.txt
尚有孀母,今日林黛,弟,035.txt
一并连孀,弱弟俱无,母,035.txt
母弱,俱无,弟,035.txt
快掀帘子,娘来了,姑,035.txt
这都是素,娘念的,姑,035.txt
只见,正自梳头,母亲,035.txt
一面在他,身旁坐了,母亲,035.txt
哭将起来,妈见他一,姨,035.txt
话的人,妈忙又接,姨,035.txt
过来了,妈道,姨,035.txt
如今,没了,父亲,035.txt
滚下泪来,妈本不哭,姨,035.txt
一时薛,妈换了衣,姨,035.txt
这里薛,妈和宝钗,姨,035.txt
便知贾,等都在这,母,035.txt
等都在这,女两个进,母,035.txt
躺在榻上,妈问他可,姨,035.txt
只管惊动,姐姐,姨,035.txt
禁不起,妈忙扶他,姨,035.txt
自然和,娘要去的,姨,035.txt
要去的,又问,夫人,035.txt
个吃了,便一叠声,母,035.txt
薛姨妈先,妈先接过,姨,035.txt
因笑向贾,王夫人道,母,035.txt
母王,你们府,夫人,035.txt
便笑道,妈那里晓,姑,035.txt
十来碗来,要这些,夫人,035.txt
今儿宝,弟提起来,兄,035.txt
今儿宝兄,提起来了,弟,035.txt
老太太,太太都不,姑,035.txt
个俊儿,听了,母,035.txt
太太去,听说,母,035.txt
比你,娘强远了,姨,035.txt
娘强远了,娘可怜见,姨,035.txt
不疼了,不大说,母,035.txt
可疼了,提起姊,母,035.txt
不是我当,太太的面,姨,035.txt
宝丫头,妈听说,姨,035.txt
说偏了,忙又笑道,夫人,035.txt
宝玉勾着,原为赞林,母,035.txt
来请吃饭,方立起身,母,035.txt
让着薛,大家出房,姨,035.txt
又问薛,妈等,姨,035.txt
咱们吃,妈笑道,姨,035.txt
姐儿笑道,妈倒别这,姑,035.txt
引的贾,众人都哈,母,035.txt
趁宝,娘在院子,姑,035.txt
就是了,等尚未听,母,035.txt
家方明白,又说道,母,035.txt
叫他来替,弟作几根,兄,035.txt
你兄,作几根,弟,035.txt
来使唤,妈宝钗等,姨,035.txt
顷至园外,恐贾母乏,夫人,035.txt
王夫人恐,乏了,母,035.txt
上房内坐,也觉腿酸,母,035.txt
点头依允,便令丫头,夫人,035.txt
那时赵,娘推病,姨,035.txt
只有周,娘与众婆,姨,035.txt
铺褥子,扶着凤姐,母,035.txt
与薛,妈分宾主,姨,035.txt
坐在下面,亲捧了茶,夫人,035.txt
与贾,李宫裁奉,母,035.txt
与薛,贾母向王,姨,035.txt
与薛姨妈,向王夫人,母,035.txt
贾母向王,让他们,夫人,035.txt
说话儿,方向一张,夫人,035.txt
便令人去,那边告诉,母,035.txt
都赶过来,便令,夫人,035.txt
夫人便令,娘们去,姑,035.txt
老祖宗和,妈不用让,姑,035.txt
就是了,笑向薛姨,母,035.txt
贾母笑向,妈道,姨,035.txt
是这样,妈笑着应,姨,035.txt
是贾,薛姨妈,母,035.txt
母薛,两边是薛,姨,035.txt
史湘云的,李宫裁等,夫人,035.txt
荷叶汤来,看过了,母,035.txt
母看过了,回头见玉,夫人,035.txt
莺儿道,弟正叫你,兄,035.txt
宝兄,正叫你去,弟,035.txt
钏儿道,身子好,母亲,035.txt
前儿你替,娘打的那,姑,035.txt
窗外婆子,娘们的饭,姑,035.txt
叫作金莺,娘嫌拗口,姑,035.txt
我们,娘有几样,姑,035.txt
日王,的意思来,夫人,035.txt
忽见邢,那边遣了,夫人,035.txt
与林,娘去,姑,035.txt
话说贾,自王夫人,母,036.txt
自王,处回来,夫人,036.txt
领命而去,又命李嬷,母,036.txt
到贾,王夫人处,母,036.txt
母王,处走走就,夫人,036.txt
洁白,也学的钓,女儿,036.txt
我猜他们,都必是太,女儿,036.txt
回王,方回王夫,夫人,036.txt
这日午间,妈母女两,姨,036.txt
薛姨妈,女两个与,母,036.txt
在王,房里大家,夫人,036.txt
回王,自从玉,夫人,036.txt
月钱的,听了,夫人,036.txt
也有限,听了,夫人,036.txt
来磕了头,问道,夫人,036.txt
如今赵,娘周姨娘,姨,036.txt
娘周,娘的月例,姨,036.txt
每人二两,娘有环兄,姨,036.txt
赵姨娘有,弟的二两,兄,036.txt
环兄,的二两,弟,036.txt
四串钱,可都按,夫人,036.txt
按数给,前儿我,夫人,036.txt
姐忙笑道,娘们的丫,姨,036.txt
外头商议,娘们每位,姨,036.txt
一遭儿,听说,夫人,036.txt
是袭人,这就是,夫人,036.txt
你宝,弟也并没,兄,036.txt
你宝兄,也并没有,弟,036.txt
不过给了,弟使,兄,036.txt
宝兄,他这一两,弟,036.txt
须得环,弟屋里也,兄,036.txt
须得环兄,屋里也添,弟,036.txt
气得呢,娘笑道,姨,036.txt
凤姐笑道,难道我说,姑,036.txt
了不成,妈笑道,姨,036.txt
听王,示下,夫人,036.txt
夫人示下,想了半日,夫人,036.txt
有赵,娘周姨娘,姨,036.txt
娘周,娘的,姨,036.txt
笑推薛,妈道,姨,036.txt
薛姨妈道,妈听见了,姑,036.txt
我的话,妈道,姨,036.txt
在难得,含泪说道,夫人,036.txt
岂不好,那就不,夫人,036.txt
回贾,话去,母,036.txt
却说王,等这里吃,夫人,036.txt
悄悄笑道,娘来了,姑,036.txt
唬了一跳,娘不知道,姑,036.txt
又笑道,你略坐一,姑,036.txt
我才碰见,娘史大姑,姑,036.txt
史大,他们可曾,姑,036.txt
又叫他与,叩头,夫人,036.txt
见贾,倒把袭人,母,036.txt
见过王,急忙回来,夫人,036.txt
然后谈到,如何好,女儿,036.txt
又谈到,袭人忙掩,女儿,036.txt
这二死是,死名死节,丈夫,036.txt
我才在,母跟前听,舅,036.txt
我才在舅,跟前听的,母,036.txt
是薛,妈的生日,姨,036.txt
我不去,妈也未必,姨,036.txt
无人作伴,娘坐了一,姑,036.txt
及贾,便起身而,母,037.txt
便往贾,王夫人处,母,037.txt
便往贾母,处来混了,夫人,037.txt
翠墨道,娘好了,姑,037.txt
二兄文几,文几,兄,037.txt
父亲大人,大人万福,父亲,037.txt
恐园中,娘们妨碍,姑,037.txt
先把这些,叔嫂,姐妹,037.txt
姐妹,的字样改,叔,037.txt
李纨道,四姑娘起,姑,037.txt
二姑娘,娘起个什,姑,037.txt
我和二,娘四姑娘,姑,037.txt
娘四,娘都不会,姑,037.txt
也有往贾,王夫人处,母,037.txt
母王,处去的,夫人,037.txt
里头差使,娘有什么,姑,037.txt
今儿宝二,要打发人,叔,037.txt
史大,娘送东西,姑,037.txt
给三,娘送荔枝,姑,037.txt
我送去,娘也见了,姑,037.txt
奶赵,奶奶好些,姨,037.txt
宋妈妈道,娘只管交,姑,037.txt
来给,娘尝尝,姑,037.txt
再前日,娘说这玛,姑,037.txt
玛瑙碟子,娘就留下,姑,037.txt
头是,娘前日叫,姑,037.txt
我做的活,娘别嫌粗,姑,037.txt
有什么说,娘再问问,姑,037.txt
在三,娘那里么,姑,037.txt
我说,娘们起什,姑,037.txt
做诗呢,娘道,姑,037.txt
转身便往,处来,母,037.txt
叫人接去,因说,母,037.txt
便又往贾,处来催逼,母,037.txt
前日,娘还说要,姨,037.txt
后请老太,娘赏桂花,姨,037.txt
请贾,等赏桂花,母,038.txt
等赏桂花,等都说道,母,038.txt
果然贾,带了王夫,母,038.txt
了王,凤姐兼请,夫人,038.txt
请薛,妈等进园,姨,038.txt
等进园来,因问,母,038.txt
一处好,凭老太,夫人,038.txt
也清亮,听了,母,038.txt
着贾,口里说,母,038.txt
炉烫酒呢,喜的忙问,母,038.txt
预备的,我说这,母,038.txt
贾母听了,听了,母,038.txt
因回头向,妈道,姨,038.txt
未及说完,与众人都,母,038.txt
都笑软了,笑道,母,038.txt
无妨了,笑道,母,038.txt
回家去,笑道,夫人,038.txt
无礼了,笑道,母,038.txt
上面一桌,薛姨妈,母,038.txt
贾母,宝钗,姨,038.txt
史湘云,肉就下来,夫人,038.txt
只在贾,王夫人两,母,038.txt
只在贾母,两桌上伺,夫人,038.txt
站在贾,跟前剥蟹,母,038.txt
头次让薛,薛姨妈道,姨,038.txt
让薛姨妈,妈道,姨,038.txt
与贾,二次的便,母,038.txt
与赵,娘周姨娘,姨,038.txt
娘周,娘送去,姨,038.txt
个报应,那边听见,母,038.txt
打架呢,和王夫人,母,038.txt
贾母和王,等听了也,夫人,038.txt
也笑起来,笑道,母,038.txt
又伏侍贾,等吃了一,母,038.txt
贾母一时,一时不吃,母,038.txt
玩了一回,因回贾母,夫人,038.txt
回贾,这里风,母,038.txt
来逛逛,听了,母,038.txt
叫奶奶和,娘们别笑,姑,039.txt
方才,太太那里,舅,039.txt
给奶奶,娘们吃的,姑,039.txt
大家约往,王夫人处,母,039.txt
母王,处问安,夫人,039.txt
跳下地来,娘好,姑,039.txt
早要来请,奶奶的安,姑,039.txt
安看,娘来的,姑,039.txt
孝敬,奶奶姑娘,姑,039.txt
奶奶,娘们尝尝,姑,039.txt
姑娘们尝,娘们天天,姑,039.txt
的因笑道,娘今儿脸,姑,039.txt
大奶奶和,娘们只是,姑,039.txt
人请,可带了我,姑,039.txt
往贾,这边来,母,039.txt
赶着平儿,平儿问,姑,039.txt
去请大夫,我讨半日,姑,039.txt
的他妈病,娘也替他,姑,039.txt
至贾,房中,母,039.txt
在贾,前承奉,母,039.txt
是贾,忙上来陪,母,039.txt
寿星安,亦欠身问,母,039.txt
不知问候,老亲家,母,039.txt
十五了,向众人道,母,039.txt
人作了,眼睛牙,母,039.txt
活动了,我老了,母,039.txt
子孙,顽笑一回,女儿,039.txt
也不能,什么福,母,039.txt
家都笑了,又笑道,母,039.txt
吃不起,又道,母,039.txt
凤姐儿见,喜欢,母,039.txt
太听听,笑道,母,039.txt
又不敢吃,又命拿些,母,039.txt
与贾,贾母益发,母,039.txt
说与贾母,益发得了,母,039.txt
姥吃晚饭,又将自己,母,039.txt
了贾,的心,母,039.txt
坐在贾,榻前,母,039.txt
见头一个,高兴,母,039.txt
上的人,必定是,母,039.txt
个小,梳着溜油,姑,039.txt
老太太,等听了,母,039.txt
下去了,最胆小的,母,039.txt
火光犹亮,唬的口内,母,039.txt
跟前烧香,等也忙都,夫人,039.txt
房去罢,足的看着,母,039.txt
病来呢,都是才,母,039.txt
一个,这儿子也,儿子,039.txt
一个儿子,也只一个,儿子,039.txt
一个,好容易养,儿子,039.txt
实合了贾,王夫人的,母,039.txt
母王,的心事,夫人,039.txt
连王,也都听住,夫人,039.txt
这老爷没,只有一位,儿子,039.txt
里的,娘们站在,姑,039.txt
